{
    "Acatlán - Atoyac ": [20.373590458896206, -103.57634251972733],
    "Atoyac - Cd. Guzmán ": [19.933374874165484, -103.53000649568189],
    "Sayula - Cd. Guzmán ": [19.879205225770207, -103.51931477050901],
    "Cd. Guzmán - El Trapiche ": [19.289603152624835, -103.65283169952069],
    "Armería - Manzanillo": [18.927803695733623, -104.08152556317359]
}
