{
    "Acatlán - Atoyac ": [20.373590458896206, -103.57634251972733],
    "Atoyac - Cd. Guzmán ": [19.933374874165484, -103.53000649568189],
    "Sayula - Cd. Guzmán ": [19.879205225770207, -103.51931477050901],
    "Cd. Guzmán - El Trapiche ": [19.40920835770205, -103.52797580211224],
    "Armería - Manzanillo": [18.927803695733623, -104.08152556317359],
    "Amozoc - Perote y Libramiento de Perote":[19.551762874114402, -97.2895245355922],
    "Ent. Acatic - Zapotlanejo":[20.6156735928232, -103.0893396167711],
    "Ent. Arandas - San Miguel el Alto":[21.03065560403855, -102.55451996355568],
    "Zapotlanejo - Lagos de Moreno":[20.82449587137947, -102.7948361820679],
    "Yerbanís - Gómez Palacio":[24.7307168733827, -103.86168524499692],
    "Torreón - Saltillo":[25.44830366614532, -101.06684859313984],
    "Tepic - Mazatlán":[21.571743653483853, -104.98737969791736],
    "Salina Cruz - La Ventosa":[16.561131254923247, -95.13556040243824],
    "El Vado - Guadalajara":[20.604779477844456, -103.15869823436428],
    "Tonalá - Guadalajara":[20.61582379583296, -103.24302974918746],
    "Puente Grijalva":[17.947646921850247, -92.7852703581053],
    "Entronque Cuernavaca - Entronque San Felipe":[32.533625454319385, -115.40887586433823],
    "Tepic - Ent. San Blas":[21.57167880059121, -104.98747223412656]
}
